<?xml version='1.0' encoding='utf-8'?>
<TextureAtlas imagePath="Menu_Panda.png">
<SubTexture name="M Panda Idle0000" x="324" y="580" width="331" height="281" frameX="0" frameY="-21" frameWidth="509" frameHeight="313" />
<SubTexture name="M Panda Idle0001" x="0" y="580" width="324" height="283" frameX="-3" frameY="-19" frameWidth="509" frameHeight="313" />
<SubTexture name="M Panda Idle0002" x="0" y="291" width="316" height="289" frameX="-9" frameY="-13" frameWidth="509" frameHeight="313" />
<SubTexture name="M Panda Idle0003" x="624" y="0" width="315" height="289" frameX="-12" frameY="-13" frameWidth="509" frameHeight="313" />
<SubTexture name="M Panda Idle0004" x="624" y="289" width="315" height="289" frameX="-12" frameY="-13" frameWidth="509" frameHeight="313" />
<SubTexture name="M Panda Idle0005" x="311" y="0" width="313" height="290" frameX="-14" frameY="-12" frameWidth="509" frameHeight="313" />
<SubTexture name="M Panda Idle0006" x="0" y="0" width="311" height="291" frameX="-17" frameY="-11" frameWidth="509" frameHeight="313" />
<SubTexture name="M Panda Idle0007" x="0" y="0" width="311" height="291" frameX="-17" frameY="-11" frameWidth="509" frameHeight="313" />
<SubTexture name="M Panda Idle0008" x="0" y="0" width="311" height="291" frameX="-17" frameY="-11" frameWidth="509" frameHeight="313" />
<SubTexture name="M Panda Idle0009" x="0" y="0" width="311" height="291" frameX="-17" frameY="-11" frameWidth="509" frameHeight="313" />
</TextureAtlas>
