{
	"song": {
		"player1": "bf",
		"player2": "roblox",
		"events": [
			[
				7100,
				[
					[
						"MoveArrow",
						"0",
						"0, 0, 64, 0, 7"
					]
				]
			],
			[
				8000,
				[
					[
						"MoveArrow",
						"1",
						"0, 0, 53, 0, 4"
					]
				]
			],
			[
				8200,
				[
					[
						"MoveArrow",
						"2",
						"0, 0, 53, 0, 4"
					]
				]
			],
			[
				8400,
				[
					[
						"MoveArrow",
						"3",
						"0, 0, 53, 0, 4"
					]
				]
			],
			[
				8600,
				[
					[
						"MoveArrow",
						"4",
						"-300, 0, 0, 1, 7"
					]
				]
			],
			[
				8800,
				[
					[
						"MoveArrow",
						"5",
						"-300, 0, 0, 1, 7"
					]
				]
			],
			[
				9000,
				[
					[
						"MoveArrow",
						"6",
						"-300, 0, 0, 1, 7"
					]
				]
			],
			[
				9200,
				[
					[
						"MoveArrow",
						"7",
						"-300, 0, 0, 1, 7"
					]
				]
			],
			[
				9400,
				[
					[
						"MoveArrow",
						"8",
						"-300, 0, 0, 1, 7"
					]
				]
			],
			[
				10000,
				[
					[
						"Add Camera Zoom",
						"1",
						"3"
					]
				]
			],
			[
				10200,
				[
					[
						"MoveArrow",
						"0",
						"0, 0, 0, 0.4, 4"
					]
				]
			],
			[
				10300,
				[
					[
						"MoveArrow",
						"0",
						"300, 0, 0, 1, 5"
					]
				]
			],
			[
				10400,
				[
					[
						"MoveArrow",
						"1",
						"0, 0, 0, 0.4, 4"
					]
				]
			],
			[
				10500,
				[
					[
						"MoveArrow",
						"1",
						"300, 0, 0, 1, 5"
					]
				]
			],
			[
				10600,
				[
					[
						"MoveArrow",
						"2",
						"0, 0, 0, 0.4, 4"
					]
				]
			],
			[
				10700,
				[
					[
						"MoveArrow",
						"2",
						"300, 0, 0, 1, 5"
					]
				]
			],
			[
				10800,
				[
					[
						"MoveArrow",
						"3",
						"0, 0, 0, 0.4, 4"
					]
				]
			],
			[
				10900,
				[
					[
						"MoveArrow",
						"3",
						"300, 0, 0, 1, 5"
					]
				]
			],
			[
				11000,
				[
					[
						"MoveArrow",
						"0",
						"306, 0, 0, 1, 5"
					]
				]
			],
			[
				11100,
				[
					[
						"MoveArrow",
						"1",
						"306, 0, 0, 1, 5"
					]
				]
			],
			[
				11200,
				[
					[
						"MoveArrow",
						"2",
						"306, 0, 0, 1, 5"
					]
				]
			],
			[
				11300,
				[
					[
						"MoveArrow",
						"3",
						"306, 0, 0, 1, 5"
					]
				]
			],
			[
				15300,
				[
					[
						"Camera Follow Pos",
						"",
						""
					]
				]
			],
			[
				40400,
				[
					[
						"Change Scroll Speed",
						"-1",
						"4"
					]
				]
			],
			[
				40500,
				[
					[
						"MoveArrow",
						"4",
						"0, 500, 0, 1, 4"
					]
				]
			],
			[
				40700,
				[
					[
						"MoveArrow",
						"5",
						"0, 500, 0, 1, 4"
					]
				]
			],
			[
				40900,
				[
					[
						"MoveArrow",
						"6",
						"0, 500, 0, 1, 4"
					]
				]
			],
			[
				41100,
				[
					[
						"MoveArrow",
						"7",
						"0, 500, 0, 1, 4"
					]
				]
			],
			[
				41300,
				[
					[
						"MoveArrow",
						"8",
						"0, 500, 0, 1, 4"
					]
				]
			],
			[
				45200,
				[
					[
						"MoveArrow",
						"0",
						"0, -654, 46, 1, 5"
					]
				]
			],
			[
				45600,
				[
					[
						"MoveArrow",
						"1",
						"0, -654, 46, 1, 5"
					]
				]
			],
			[
				46000,
				[
					[
						"MoveArrow",
						"2",
						"0, -654, 46, 1, 5"
					]
				]
			],
			[
				46300,
				[
					[
						"MoveArrow",
						"3",
						"0, -654, 46, 1, 5"
					]
				]
			]
		],
		"notes": [
			{
				"sectionNotes": [],
				"sectionBeats": 4,
				"gfSection": false,
				"altAnim": false,
				"bpm": 150,
				"changeBPM": false,
				"mustHitSection": true
			},
			{
				"sectionNotes": [],
				"sectionBeats": 4,
				"gfSection": false,
				"altAnim": false,
				"bpm": 150,
				"changeBPM": false,
				"mustHitSection": true
			},
			{
				"sectionNotes": [],
				"sectionBeats": 4,
				"gfSection": false,
				"altAnim": false,
				"bpm": 150,
				"changeBPM": false,
				"mustHitSection": true
			},
			{
				"sectionNotes": [],
				"sectionBeats": 4,
				"gfSection": false,
				"altAnim": false,
				"bpm": 150,
				"changeBPM": false,
				"mustHitSection": true
			},
			{
				"sectionNotes": [],
				"sectionBeats": 4,
				"gfSection": false,
				"altAnim": false,
				"bpm": 150,
				"changeBPM": false,
				"mustHitSection": true
			},
			{
				"sectionNotes": [],
				"sectionBeats": 4,
				"gfSection": false,
				"altAnim": false,
				"bpm": 150,
				"changeBPM": false,
				"mustHitSection": true
			},
			{
				"sectionNotes": [
					[
						10700,
						6,
						0
					],
					[
						10800,
						5,
						0
					],
					[
						11000,
						6,
						0
					],
					[
						11100,
						5,
						100
					]
				],
				"sectionBeats": 4,
				"gfSection": false,
				"altAnim": false,
				"bpm": 150,
				"changeBPM": false,
				"mustHitSection": true
			},
			{
				"sectionNotes": [
					[
						11300,
						4,
						100
					],
					[
						11500,
						7,
						0
					],
					[
						11700,
						4,
						0
					],
					[
						11900,
						5,
						400
					],
					[
						12400,
						6,
						300
					]
				],
				"sectionBeats": 4,
				"gfSection": false,
				"altAnim": false,
				"bpm": 150,
				"changeBPM": false,
				"mustHitSection": true
			},
			{
				"sectionNotes": [
					[
						12800,
						7,
						0
					],
					[
						12900,
						4,
						0
					],
					[
						13000,
						4,
						0
					],
					[
						13100,
						5,
						300
					],
					[
						13400,
						6,
						100
					],
					[
						13600,
						5,
						0
					],
					[
						13700,
						7,
						100
					],
					[
						13900,
						5,
						0
					],
					[
						14100,
						4,
						0
					],
					[
						14200,
						7,
						0
					]
				],
				"sectionBeats": 4,
				"gfSection": false,
				"altAnim": false,
				"bpm": 150,
				"changeBPM": false,
				"mustHitSection": true
			},
			{
				"sectionNotes": [
					[
						14400,
						5,
						0
					],
					[
						14600,
						6,
						300
					],
					[
						14800,
						4,
						200
					],
					[
						15100,
						4,
						0
					],
					[
						15200,
						7,
						0
					],
					[
						15300,
						4,
						0
					],
					[
						15400,
						6,
						0
					],
					[
						15600,
						6,
						0
					],
					[
						15700,
						6,
						0
					],
					[
						15700,
						5,
						300
					]
				],
				"sectionBeats": 4,
				"gfSection": false,
				"altAnim": false,
				"bpm": 150,
				"changeBPM": false,
				"mustHitSection": true
			},
			{
				"sectionNotes": [
					[
						16000,
						7,
						500
					],
					[
						16100,
						2,
						0
					],
					[
						16200,
						1,
						0
					],
					[
						16400,
						2,
						0
					],
					[
						16500,
						3,
						0
					],
					[
						16700,
						0,
						0
					],
					[
						16800,
						3,
						0
					],
					[
						17000,
						1,
						0
					],
					[
						17200,
						3,
						400
					]
				],
				"sectionBeats": 4,
				"gfSection": false,
				"altAnim": false,
				"bpm": 150,
				"changeBPM": false,
				"mustHitSection": true
			},
			{
				"sectionNotes": [
					[
						17700,
						1,
						200
					],
					[
						18000,
						3,
						0
					],
					[
						18100,
						0,
						0
					],
					[
						18200,
						0,
						0
					],
					[
						18300,
						1,
						300
					],
					[
						18500,
						3,
						200
					],
					[
						18800,
						1,
						0
					],
					[
						18900,
						0,
						0
					],
					[
						19000,
						1,
						0
					]
				],
				"sectionBeats": 4,
				"gfSection": false,
				"altAnim": false,
				"bpm": 150,
				"changeBPM": false,
				"mustHitSection": true
			},
			{
				"sectionNotes": [
					[
						19200,
						3,
						0
					],
					[
						19300,
						1,
						100
					],
					[
						19500,
						2,
						100
					],
					[
						19700,
						0,
						0
					],
					[
						19900,
						2,
						400
					],
					[
						20400,
						3,
						0
					],
					[
						20500,
						2,
						0
					],
					[
						20600,
						3,
						0
					],
					[
						20700,
						1,
						0
					]
				],
				"sectionBeats": 4,
				"gfSection": false,
				"altAnim": false,
				"bpm": 150,
				"changeBPM": false,
				"mustHitSection": true
			},
			{
				"sectionNotes": [
					[
						20800,
						2,
						0
					],
					[
						20900,
						1,
						0
					],
					[
						21100,
						1,
						200
					],
					[
						21400,
						2,
						600
					],
					[
						21400,
						6,
						0
					],
					[
						21500,
						5,
						0
					],
					[
						21700,
						6,
						0
					],
					[
						21800,
						5,
						0
					],
					[
						22000,
						7,
						0
					],
					[
						22200,
						6,
						0
					]
				],
				"sectionBeats": 4,
				"gfSection": false,
				"altAnim": false,
				"bpm": 150,
				"changeBPM": false,
				"mustHitSection": true
			},
			{
				"sectionNotes": [
					[
						22400,
						4,
						0
					],
					[
						22600,
						6,
						300
					],
					[
						22900,
						7,
						100
					],
					[
						23100,
						4,
						200
					],
					[
						23400,
						7,
						0
					],
					[
						23500,
						6,
						0
					],
					[
						23600,
						4,
						0
					],
					[
						23700,
						6,
						200
					]
				],
				"sectionBeats": 4,
				"gfSection": false,
				"altAnim": false,
				"bpm": 150,
				"changeBPM": false,
				"mustHitSection": true
			},
			{
				"sectionNotes": [
					[
						24000,
						4,
						100
					],
					[
						24100,
						5,
						100
					],
					[
						24300,
						6,
						0
					],
					[
						24500,
						5,
						100
					],
					[
						24700,
						4,
						100
					],
					[
						24900,
						6,
						0
					],
					[
						25000,
						5,
						0
					],
					[
						25200,
						7,
						500
					]
				],
				"sectionBeats": 4,
				"gfSection": false,
				"altAnim": false,
				"bpm": 150,
				"changeBPM": false,
				"mustHitSection": true
			},
			{
				"sectionNotes": [
					[
						25800,
						4,
						0
					],
					[
						25852.5,
						6,
						0
					],
					[
						25930,
						4,
						0
					],
					[
						26100,
						7,
						0
					],
					[
						26300,
						7,
						0
					],
					[
						26400,
						5,
						300
					],
					[
						26200,
						7,
						0
					],
					[
						26800,
						6,
						400
					],
					[
						26800,
						2,
						0
					],
					[
						26900,
						1,
						0
					],
					[
						27100,
						2,
						0
					]
				],
				"sectionBeats": 4,
				"gfSection": false,
				"altAnim": false,
				"bpm": 150,
				"changeBPM": false,
				"mustHitSection": true
			},
			{
				"sectionNotes": [
					[
						27200,
						1,
						0
					],
					[
						27419,
						3,
						0
					],
					[
						27539,
						0,
						0
					],
					[
						27699,
						2,
						0
					],
					[
						27819,
						1,
						0
					],
					[
						28419,
						3,
						0
					],
					[
						28479,
						0,
						0
					],
					[
						28719,
						2,
						0
					],
					[
						27975,
						3,
						300
					]
				],
				"sectionBeats": 4,
				"gfSection": false,
				"altAnim": false,
				"bpm": 150,
				"changeBPM": false,
				"mustHitSection": true
			},
			{
				"sectionNotes": [
					[
						28879,
						1,
						0
					],
					[
						29059,
						2,
						0
					],
					[
						29239,
						0,
						0
					],
					[
						29339,
						3,
						0
					],
					[
						29479,
						0,
						0
					],
					[
						29619,
						2,
						0
					],
					[
						29779,
						1,
						0
					],
					[
						29979,
						2,
						0
					],
					[
						30139,
						0,
						0
					],
					[
						30299,
						3,
						0
					]
				],
				"sectionBeats": 4,
				"gfSection": false,
				"altAnim": false,
				"bpm": 150,
				"changeBPM": false,
				"mustHitSection": true
			},
			{
				"sectionNotes": [
					[
						30419,
						0,
						0
					],
					[
						31039,
						0,
						0
					],
					[
						31419,
						2,
						0
					],
					[
						31599,
						1,
						0
					],
					[
						31739,
						3,
						0
					],
					[
						31979,
						2,
						0
					],
					[
						30541.6666666667,
						2,
						400
					],
					[
						31125,
						3,
						0
					],
					[
						31241.6666666667,
						0,
						0
					],
					[
						31333.3333333333,
						3,
						0
					],
					[
						31675,
						2,
						0
					],
					[
						31816.6666666667,
						0,
						100
					]
				],
				"sectionBeats": 4,
				"gfSection": false,
				"altAnim": false,
				"bpm": 150,
				"changeBPM": false,
				"mustHitSection": true
			},
			{
				"sectionNotes": [
					[
						32079,
						5,
						0
					],
					[
						32399,
						6,
						0
					],
					[
						32233.3333333333,
						4,
						0
					],
					[
						32550,
						7,
						0
					],
					[
						32625,
						5,
						0
					],
					[
						32758.3333333333,
						4,
						0
					],
					[
						32900,
						7,
						0
					],
					[
						33116.6666666667,
						4,
						0
					],
					[
						33250,
						6,
						300
					]
				],
				"sectionBeats": 4,
				"gfSection": false,
				"altAnim": false,
				"bpm": 150,
				"changeBPM": false,
				"mustHitSection": true
			},
			{
				"sectionNotes": [
					[
						33725,
						5,
						0
					],
					[
						33825,
						7,
						0
					],
					[
						33966.6666666667,
						4,
						0
					],
					[
						34100,
						6,
						0
					],
					[
						34300,
						7,
						0
					],
					[
						34500,
						6,
						100
					],
					[
						34700,
						4,
						0
					],
					[
						34800,
						6,
						0
					],
					[
						34900,
						7,
						0
					],
					[
						35000,
						6,
						0
					],
					[
						35100,
						4,
						0
					]
				],
				"sectionBeats": 4,
				"gfSection": false,
				"altAnim": false,
				"bpm": 150,
				"changeBPM": false,
				"mustHitSection": true
			},
			{
				"sectionNotes": [
					[
						35200,
						7,
						0
					],
					[
						35300,
						6,
						0
					],
					[
						35400,
						4,
						0
					],
					[
						35500,
						7,
						0
					],
					[
						35600,
						5,
						0
					],
					[
						35700,
						6,
						0
					],
					[
						35800,
						5,
						0
					],
					[
						35900,
						6,
						0
					],
					[
						36000,
						4,
						0
					],
					[
						36100,
						7,
						0
					],
					[
						36200,
						6,
						0
					],
					[
						36300,
						7,
						0
					],
					[
						36400,
						4,
						0
					],
					[
						36500,
						5,
						0
					],
					[
						36600,
						4,
						0
					],
					[
						36700,
						7,
						0
					]
				],
				"sectionBeats": 4,
				"gfSection": false,
				"altAnim": false,
				"bpm": 150,
				"changeBPM": false,
				"mustHitSection": true
			},
			{
				"sectionNotes": [
					[
						36800,
						4,
						0
					],
					[
						36900,
						6,
						100
					],
					[
						37100,
						4,
						200
					],
					[
						37400,
						7,
						0
					],
					[
						37400,
						2,
						600
					],
					[
						37500,
						6,
						0
					],
					[
						37600,
						4,
						0
					],
					[
						37700,
						7,
						200
					],
					[
						38000,
						4,
						0
					],
					[
						38100,
						0,
						0
					],
					[
						38200,
						2,
						0
					]
				],
				"sectionBeats": 4,
				"gfSection": false,
				"altAnim": false,
				"bpm": 150,
				"changeBPM": false,
				"mustHitSection": true
			},
			{
				"sectionNotes": [
					[
						38400,
						1,
						0
					],
					[
						38500,
						3,
						0
					],
					[
						38600,
						0,
						100
					],
					[
						38800,
						2,
						100
					],
					[
						39000,
						0,
						0
					],
					[
						39100,
						3,
						0
					],
					[
						39300,
						2,
						0
					],
					[
						39400,
						0,
						0
					],
					[
						39500,
						3,
						100
					],
					[
						39700,
						0,
						0
					],
					[
						39800,
						2,
						300
					],
					[
						39200,
						0,
						0
					]
				],
				"sectionBeats": 4,
				"gfSection": false,
				"altAnim": false,
				"bpm": 150,
				"changeBPM": false,
				"mustHitSection": true
			},
			{
				"sectionNotes": [
					[
						40200,
						1,
						0
					],
					[
						40300,
						0,
						0
					],
					[
						40400,
						7,
						0
					],
					[
						40500,
						6,
						0
					],
					[
						40600,
						7,
						0
					],
					[
						40700,
						4,
						0
					],
					[
						40900,
						1,
						100
					],
					[
						41100,
						3,
						100
					],
					[
						41400,
						2,
						0
					],
					[
						41500,
						0,
						0
					],
					[
						40500,
						2,
						0
					],
					[
						40600,
						0,
						0
					],
					[
						40800,
						3,
						0
					]
				],
				"sectionBeats": 4,
				"gfSection": false,
				"altAnim": false,
				"bpm": 150,
				"changeBPM": false,
				"mustHitSection": true
			},
			{
				"sectionNotes": [
					[
						41600,
						3,
						0
					],
					[
						41700,
						0,
						0
					],
					[
						41800,
						2,
						0
					],
					[
						41900,
						3,
						0
					],
					[
						42000,
						0,
						0
					],
					[
						42100,
						2,
						0
					],
					[
						42200,
						0,
						200
					],
					[
						42500,
						3,
						200
					],
					[
						42800,
						1,
						400
					],
					[
						41600,
						4,
						400
					],
					[
						42100,
						6,
						400
					],
					[
						42600,
						4,
						0
					],
					[
						42700,
						6,
						0
					],
					[
						42800,
						7,
						0
					],
					[
						42900,
						4,
						0
					],
					[
						43100,
						7,
						0
					],
					[
						43000,
						5,
						0
					]
				],
				"sectionBeats": 4,
				"gfSection": false,
				"altAnim": false,
				"bpm": 150,
				"changeBPM": false,
				"mustHitSection": true
			},
			{
				"sectionNotes": [
					[
						43200,
						6,
						0
					],
					[
						43300,
						7,
						0
					],
					[
						43400,
						4,
						0
					],
					[
						43500,
						7,
						0
					],
					[
						43600,
						5,
						0
					],
					[
						43700,
						7,
						0
					],
					[
						43800,
						6,
						0
					],
					[
						43900,
						4,
						0
					],
					[
						44000,
						6,
						0
					],
					[
						44100,
						7,
						0
					],
					[
						44200,
						6,
						0
					],
					[
						44300,
						5,
						0
					],
					[
						44500,
						4,
						0
					],
					[
						44600,
						5,
						0
					],
					[
						44700,
						4,
						0
					]
				],
				"sectionBeats": 4,
				"gfSection": false,
				"altAnim": false,
				"bpm": 150,
				"changeBPM": false,
				"mustHitSection": true
			},
			{
				"sectionNotes": [
					[
						45400,
						1,
						600
					],
					[
						44800,
						7,
						0
					],
					[
						45100,
						6,
						300
					],
					[
						44900,
						4,
						0
					],
					[
						45500,
						4,
						0
					],
					[
						45600,
						6,
						0
					],
					[
						45700,
						4,
						0
					],
					[
						45800,
						7,
						0
					],
					[
						45900,
						6,
						0
					],
					[
						45500,
						7,
						0
					],
					[
						46000,
						5,
						0
					],
					[
						46100,
						7,
						200
					]
				],
				"sectionBeats": 4,
				"gfSection": false,
				"altAnim": false,
				"bpm": 150,
				"changeBPM": false,
				"mustHitSection": true
			},
			{
				"sectionNotes": [
					[
						46700,
						1,
						600
					],
					[
						46700,
						0,
						600
					],
					[
						47300,
						3,
						500
					],
					[
						46700,
						4,
						0
					],
					[
						46900,
						7,
						0
					],
					[
						46400,
						6,
						100
					],
					[
						46600,
						7,
						0
					],
					[
						47100,
						6,
						0
					],
					[
						47300,
						6,
						0
					],
					[
						47500,
						4,
						0
					]
				],
				"sectionBeats": 4,
				"gfSection": false,
				"altAnim": false,
				"bpm": 150,
				"changeBPM": false,
				"mustHitSection": true
			},
			{
				"sectionNotes": [
					[
						48000,
						2,
						0
					],
					[
						48100,
						0,
						0
					],
					[
						48200,
						2,
						0
					],
					[
						48400,
						1,
						0
					],
					[
						48600,
						2,
						0
					],
					[
						48700,
						0,
						0
					],
					[
						48800,
						3,
						0
					],
					[
						48900,
						0,
						0
					],
					[
						49000,
						3,
						0
					],
					[
						49200,
						2,
						0
					],
					[
						49400,
						0,
						0
					],
					[
						49500,
						3,
						200
					],
					[
						48300,
						3,
						0
					],
					[
						48666.6666666667,
						3,
						0
					]
				],
				"sectionBeats": 4,
				"gfSection": false,
				"altAnim": false,
				"bpm": 150,
				"changeBPM": false,
				"mustHitSection": true
			},
			{
				"sectionNotes": [
					[
						49800,
						2,
						0
					],
					[
						49900,
						0,
						0
					],
					[
						50000,
						2,
						0
					],
					[
						50100,
						3,
						0
					],
					[
						50300,
						0,
						300
					],
					[
						50800,
						2,
						0
					],
					[
						50900,
						3,
						0
					],
					[
						51000,
						0,
						0
					],
					[
						51100,
						2,
						200
					]
				],
				"sectionBeats": 4,
				"gfSection": false,
				"altAnim": false,
				"bpm": 150,
				"changeBPM": false,
				"mustHitSection": true
			},
			{
				"sectionNotes": [
					[
						51500,
						1,
						300
					],
					[
						51900,
						0,
						0
					],
					[
						52000,
						2,
						0
					],
					[
						52100,
						3,
						300
					],
					[
						52600,
						2,
						0
					],
					[
						52700,
						3,
						0
					],
					[
						52500,
						0,
						0
					]
				],
				"sectionBeats": 4,
				"gfSection": false,
				"altAnim": false,
				"bpm": 150,
				"changeBPM": false,
				"mustHitSection": true
			},
			{
				"sectionNotes": [
					[
						52800,
						0,
						0
					],
					[
						52900,
						2,
						0
					],
					[
						53000,
						3,
						0
					],
					[
						53100,
						2,
						0
					],
					[
						53200,
						0,
						0
					],
					[
						53400,
						3,
						500
					],
					[
						53500,
						4,
						0
					],
					[
						53600,
						6,
						0
					],
					[
						53700,
						4,
						0
					],
					[
						53800,
						7,
						0
					],
					[
						54000,
						6,
						0
					],
					[
						54100,
						4,
						0
					],
					[
						54300,
						5,
						0
					]
				],
				"sectionBeats": 4,
				"gfSection": false,
				"altAnim": false,
				"bpm": 150,
				"changeBPM": false,
				"mustHitSection": true
			},
			{
				"sectionNotes": [
					[
						54400,
						7,
						300
					],
					[
						54800,
						4,
						400
					],
					[
						55300,
						6,
						0
					],
					[
						55400,
						4,
						0
					],
					[
						55500,
						6,
						0
					],
					[
						55600,
						7,
						200
					],
					[
						55700,
						5,
						0
					],
					[
						55900,
						6,
						100
					]
				],
				"sectionBeats": 4,
				"gfSection": false,
				"altAnim": false,
				"bpm": 150,
				"changeBPM": false,
				"mustHitSection": true
			},
			{
				"sectionNotes": [
					[
						56100,
						4,
						0
					],
					[
						56300,
						5,
						0
					],
					[
						56500,
						7,
						0
					],
					[
						56700,
						6,
						0
					],
					[
						56600,
						4,
						0
					],
					[
						56800,
						7,
						0
					],
					[
						56900,
						5,
						100
					],
					[
						57100,
						7,
						500
					]
				],
				"sectionBeats": 4,
				"gfSection": false,
				"altAnim": false,
				"bpm": 150,
				"changeBPM": false,
				"mustHitSection": true
			},
			{
				"sectionNotes": [
					[
						57800,
						6,
						0
					],
					[
						57900,
						4,
						0
					],
					[
						58000,
						6,
						0
					],
					[
						58100,
						7,
						0
					],
					[
						58200,
						6,
						0
					],
					[
						58300,
						4,
						0
					],
					[
						58400,
						7,
						0
					],
					[
						58500,
						5,
						200
					],
					[
						58800,
						6,
						600
					]
				],
				"sectionBeats": 4,
				"gfSection": false,
				"altAnim": false,
				"bpm": 150,
				"changeBPM": false,
				"mustHitSection": true
			},
			{
				"sectionNotes": [],
				"sectionBeats": 4,
				"gfSection": false,
				"altAnim": false,
				"bpm": 150,
				"changeBPM": false,
				"mustHitSection": true
			},
			{
				"sectionNotes": [],
				"sectionBeats": 4,
				"gfSection": false,
				"altAnim": false,
				"bpm": 150,
				"changeBPM": false,
				"mustHitSection": true
			},
			{
				"sectionNotes": [],
				"sectionBeats": 4,
				"gfSection": false,
				"altAnim": false,
				"bpm": 150,
				"changeBPM": false,
				"mustHitSection": true
			},
			{
				"sectionNotes": [],
				"sectionBeats": 4,
				"gfSection": false,
				"altAnim": false,
				"bpm": 150,
				"changeBPM": false,
				"mustHitSection": true
			},
			{
				"sectionNotes": [],
				"sectionBeats": 4,
				"gfSection": false,
				"altAnim": false,
				"bpm": 150,
				"changeBPM": false,
				"mustHitSection": true
			},
			{
				"sectionNotes": [],
				"sectionBeats": 4,
				"gfSection": false,
				"altAnim": false,
				"bpm": 150,
				"changeBPM": false,
				"mustHitSection": true
			},
			{
				"sectionNotes": [],
				"sectionBeats": 4,
				"gfSection": false,
				"altAnim": false,
				"bpm": 150,
				"changeBPM": false,
				"mustHitSection": true
			},
			{
				"sectionNotes": [],
				"sectionBeats": 4,
				"gfSection": false,
				"altAnim": false,
				"bpm": 150,
				"changeBPM": false,
				"mustHitSection": true
			},
			{
				"sectionNotes": [],
				"sectionBeats": 4,
				"gfSection": false,
				"altAnim": false,
				"bpm": 150,
				"changeBPM": false,
				"mustHitSection": true
			},
			{
				"sectionNotes": [],
				"sectionBeats": 4,
				"gfSection": false,
				"altAnim": false,
				"bpm": 150,
				"changeBPM": false,
				"mustHitSection": true
			},
			{
				"sectionNotes": [],
				"sectionBeats": 4,
				"gfSection": false,
				"altAnim": false,
				"bpm": 150,
				"changeBPM": false,
				"mustHitSection": true
			},
			{
				"sectionNotes": [],
				"sectionBeats": 4,
				"gfSection": false,
				"altAnim": false,
				"bpm": 150,
				"changeBPM": false,
				"mustHitSection": true
			},
			{
				"sectionNotes": [],
				"sectionBeats": 4,
				"gfSection": false,
				"altAnim": false,
				"bpm": 150,
				"changeBPM": false,
				"mustHitSection": true
			},
			{
				"sectionNotes": [],
				"sectionBeats": 4,
				"gfSection": false,
				"altAnim": false,
				"bpm": 150,
				"changeBPM": false,
				"mustHitSection": true
			},
			{
				"sectionNotes": [],
				"sectionBeats": 4,
				"gfSection": false,
				"altAnim": false,
				"bpm": 150,
				"changeBPM": false,
				"mustHitSection": true
			},
			{
				"sectionNotes": [],
				"sectionBeats": 4,
				"gfSection": false,
				"altAnim": false,
				"bpm": 150,
				"changeBPM": false,
				"mustHitSection": true
			},
			{
				"sectionNotes": [],
				"sectionBeats": 4,
				"gfSection": false,
				"altAnim": false,
				"bpm": 150,
				"changeBPM": false,
				"mustHitSection": true
			},
			{
				"sectionNotes": [],
				"sectionBeats": 4,
				"gfSection": false,
				"altAnim": false,
				"bpm": 150,
				"changeBPM": false,
				"mustHitSection": true
			},
			{
				"sectionNotes": [],
				"sectionBeats": 4,
				"gfSection": false,
				"altAnim": false,
				"bpm": 150,
				"changeBPM": false,
				"mustHitSection": true
			},
			{
				"sectionNotes": [],
				"sectionBeats": 4,
				"gfSection": false,
				"altAnim": false,
				"bpm": 150,
				"changeBPM": false,
				"mustHitSection": true
			},
			{
				"sectionNotes": [],
				"sectionBeats": 4,
				"gfSection": false,
				"altAnim": false,
				"bpm": 150,
				"changeBPM": false,
				"mustHitSection": true
			},
			{
				"sectionNotes": [],
				"sectionBeats": 4,
				"gfSection": false,
				"altAnim": false,
				"bpm": 150,
				"changeBPM": false,
				"mustHitSection": true
			},
			{
				"sectionNotes": [],
				"sectionBeats": 4,
				"gfSection": false,
				"altAnim": false,
				"bpm": 150,
				"changeBPM": false,
				"mustHitSection": true
			},
			{
				"sectionNotes": [],
				"sectionBeats": 4,
				"gfSection": false,
				"altAnim": false,
				"bpm": 150,
				"changeBPM": false,
				"mustHitSection": true
			},
			{
				"sectionNotes": [],
				"sectionBeats": 4,
				"gfSection": false,
				"altAnim": false,
				"bpm": 150,
				"changeBPM": false,
				"mustHitSection": true
			},
			{
				"sectionNotes": [],
				"sectionBeats": 4,
				"gfSection": false,
				"altAnim": false,
				"bpm": 150,
				"changeBPM": false,
				"mustHitSection": true
			},
			{
				"sectionNotes": [],
				"sectionBeats": 4,
				"gfSection": false,
				"altAnim": false,
				"bpm": 150,
				"changeBPM": false,
				"mustHitSection": true
			},
			{
				"sectionNotes": [],
				"sectionBeats": 4,
				"gfSection": false,
				"altAnim": false,
				"bpm": 150,
				"changeBPM": false,
				"mustHitSection": true
			},
			{
				"sectionNotes": [],
				"sectionBeats": 4,
				"gfSection": false,
				"altAnim": false,
				"bpm": 150,
				"changeBPM": false,
				"mustHitSection": true
			}
		],
		"gfVersion": "invisible",
		"song": "golly-v2",
		"needsVoices": true,
		"stage": "stage",
		"bpm": 150,
		"speed": 2.9
	}
}