<?xml version='1.0' encoding='utf-8'?>
<TextureAtlas imagePath="Panda.png">
<SubTexture name="Panda Idle0000" x="660" y="1228" width="331" height="282" frameX="-22" frameY="-62" frameWidth="529" frameHeight="354" />
<SubTexture name="Panda Idle0001" x="336" y="1228" width="324" height="284" frameX="-25" frameY="-60" frameWidth="529" frameHeight="354" />
<SubTexture name="Panda Idle0002" x="1267" y="0" width="316" height="290" frameX="-31" frameY="-54" frameWidth="529" frameHeight="354" />
<SubTexture name="Panda Idle0003" x="1267" y="290" width="315" height="290" frameX="-34" frameY="-54" frameWidth="529" frameHeight="354" />
<SubTexture name="Panda Idle0004" x="315" y="936" width="313" height="291" frameX="-36" frameY="-53" frameWidth="529" frameHeight="354" />
<SubTexture name="Panda Idle0005" x="949" y="295" width="311" height="292" frameX="-39" frameY="-52" frameWidth="529" frameHeight="354" />
<SubTexture name="Panda Idle0006" x="949" y="587" width="311" height="292" frameX="-39" frameY="-52" frameWidth="529" frameHeight="354" />
<SubTexture name="Panda Idle0007" x="949" y="587" width="311" height="292" frameX="-39" frameY="-52" frameWidth="529" frameHeight="354" />
<SubTexture name="Panda Right0000" x="1267" y="580" width="230" height="290" frameX="-125" frameY="-54" frameWidth="529" frameHeight="354" />
<SubTexture name="Panda Right0001" x="1267" y="870" width="226" height="290" frameX="-123" frameY="-54" frameWidth="529" frameHeight="354" />
<SubTexture name="Panda Right0002" x="652" y="298" width="235" height="291" frameX="-106" frameY="-53" frameWidth="529" frameHeight="354" />
<SubTexture name="Panda Right0003" x="628" y="936" width="236" height="291" frameX="-108" frameY="-53" frameWidth="529" frameHeight="354" />
<SubTexture name="Panda Left0000" x="322" y="638" width="315" height="296" frameX="0" frameY="-48" frameWidth="529" frameHeight="354" />
<SubTexture name="Panda Left0001" x="949" y="0" width="318" height="295" frameX="0" frameY="-49" frameWidth="529" frameHeight="354" />
<SubTexture name="Panda Left0002" x="637" y="638" width="298" height="296" frameX="-24" frameY="-48" frameWidth="529" frameHeight="354" />
<SubTexture name="Panda Left0003" x="652" y="0" width="297" height="298" frameX="-21" frameY="-46" frameWidth="529" frameHeight="354" />
<SubTexture name="Panda Down0000" x="0" y="1228" width="336" height="286" frameX="-22" frameY="-58" frameWidth="529" frameHeight="354" />
<SubTexture name="Panda Down0001" x="0" y="638" width="322" height="298" frameX="-31" frameY="-55" frameWidth="529" frameHeight="354" />
<SubTexture name="Panda Down0002" x="0" y="936" width="315" height="292" frameX="-33" frameY="-52" frameWidth="529" frameHeight="354" />
<SubTexture name="Panda Down0003" x="864" y="936" width="315" height="291" frameX="-32" frameY="-53" frameWidth="529" frameHeight="354" />
<SubTexture name="Panda Up0000" x="0" y="0" width="325" height="328" frameX="-24" frameY="-16" frameWidth="529" frameHeight="354" />
<SubTexture name="Panda Up0001" x="325" y="0" width="327" height="324" frameX="-26" frameY="-20" frameWidth="529" frameHeight="354" />
<SubTexture name="Panda Up0002" x="323" y="328" width="322" height="308" frameX="-39" frameY="-36" frameWidth="529" frameHeight="354" />
<SubTexture name="Panda Up0003" x="0" y="328" width="323" height="310" frameX="-38" frameY="-34" frameWidth="529" frameHeight="354" />
</TextureAtlas>
