{
	"animations": [
		{
			"offsets": [
				-80,
				-53
			],
			"indices": [],
			"fps": 20,
			"anim": "idle",
			"loop": false,
			"name": "Panda Idle"
		},
		{
			"offsets": [
				-80,
				-53
			],
			"indices": [],
			"fps": 20,
			"anim": "singLEFT",
			"loop": false,
			"name": "Panda Left"
		},
		{
			"offsets": [
				-80,
				-53
			],
			"indices": [],
			"fps": 20,
			"anim": "singDOWN",
			"loop": false,
			"name": "Panda Down"
		},
		{
			"offsets": [
				-80,
				-53
			],
			"indices": [],
			"fps": 20,
			"anim": "singUP",
			"loop": false,
			"name": "Panda Up"
		},
		{
			"offsets": [
				-80,
				-53
			],
			"indices": [],
			"fps": 20,
			"anim": "singRIGHT",
			"loop": false,
			"name": "Panda Right"
		}
	],
	"vocals_file": "",
	"no_antialiasing": false,
	"image": "characters/Panda",
	"position": [
		-10,
		280
	],
	"healthicon": "face",
	"flip_x": false,
	"healthbar_colors": [
		161,
		161,
		161
	],
	"camera_position": [
		0,
		0
	],
	"sing_duration": 4,
	"scale": 1.3,
	"_editor_isPlayer": false
}