{
	"storyName": "panda funkin!!!",
	"difficulties": "",
	"hideFreeplay": false,
	"weekBackground": "stage",
	"weekBefore": "tutorial",
	"freeplayColor": [
		146,
		113,
		253
	],
	"startUnlocked": true,
	"hideStoryMode": false,
	"songs": [
		[
			"panda",
			"panda",
			[
				195,
				255,
				0
			]
		],
		[
			"mad",
			"panda",
			[
				195,
				255,
				0
			]
		],
		[
			"103",
			"panda",
			[
				195,
				255,
				0
			]
		]
	],
	"weekCharacters": [
		"Menu_Panda",
		"bf",
		"gf"
	],
	"hiddenUntilUnlocked": false,
	"weekName": "Custom Week"
}